{
  "generated_at": "2026-03-22T12:02:57.495700+00:00",
  "max_completed_round": 22,
  "candidates": {
    "forest": {
      "terrain_code": 4,
      "counts": 34326,
      "probs": [
        0.06978850066661835,
        0.13256914913654327,
        0.007813453674316406,
        0.012085512280464172,
        0.7767443656921387,
        0.000999010750092566
      ]
    },
    "settlement": {
      "terrain_code": 1,
      "counts": 4407,
      "probs": [
        0.4571949541568756,
        0.2965373992919922,
        0.0037629706785082817,
        0.023766720667481422,
        0.21773897111415863,
        0.0009990009712055326
      ]
    },
    "port": {
      "terrain_code": 2,
      "counts": 176,
      "probs": [
        0.5005788803100586,
        0.08324064314365387,
        0.15370988845825195,
        0.019440798088908195,
        0.24203070998191833,
        0.0009990009712055326
      ]
    },
    "plains_empty": {
      "terrain_code": 11,
      "counts": 97213,
      "probs": [
        0.8204758167266846,
        0.1267446130514145,
        0.007992444559931755,
        0.011572583578526974,
        0.03221553564071655,
        0.0009990220423787832
      ]
    }
  }
}