{
  "settlement|0-2|inland": {
    "terrain": 1,
    "dist_bin": "0-2",
    "coastal": false,
    "count": 3366,
    "probs": [
      0.45748189091682434,
      0.2987806797027588,
      0.0009980035247281194,
      0.023906338959932327,
      0.21783505380153656,
      0.0009980035247281194
    ]
  },
  "settlement|0-2|coastal": {
    "terrain": 1,
    "dist_bin": "0-2",
    "coastal": true,
    "count": 1041,
    "probs": [
      0.4547899663448334,
      0.28831925988197327,
      0.015930265188217163,
      0.023238060995936394,
      0.2167234569787979,
      0.000999000621959567
    ]
  },
  "port|0-2|coastal": {
    "terrain": 2,
    "dist_bin": "0-2",
    "coastal": true,
    "count": 176,
    "probs": [
      0.5005788803100586,
      0.08324064314365387,
      0.15370988845825195,
      0.019440798088908195,
      0.24203070998191833,
      0.0009990009712055326
    ]
  },
  "forest|0-2|inland": {
    "terrain": 4,
    "dist_bin": "0-2",
    "coastal": false,
    "count": 14839,
    "probs": [
      0.09822963178157806,
      0.18356139957904816,
      0.00099799910094589,
      0.016050288453698158,
      0.7001627087593079,
      0.00099799910094589
    ]
  },
  "forest|0-2|coastal": {
    "terrain": 4,
    "dist_bin": "0-2",
    "coastal": true,
    "count": 5170,
    "probs": [
      0.08954186737537384,
      0.15360312163829803,
      0.03495917469263077,
      0.014955914579331875,
      0.705940842628479,
      0.0009989991085603833
    ]
  },
  "forest|3-5|inland": {
    "terrain": 4,
    "dist_bin": "3-5",
    "coastal": false,
    "count": 8060,
    "probs": [
      0.03968798741698265,
      0.08959652483463287,
      0.0009980007307603955,
      0.008305276744067669,
      0.8604140877723694,
      0.0009980007307603955
    ]
  },
  "forest|3-5|coastal": {
    "terrain": 4,
    "dist_bin": "3-5",
    "coastal": true,
    "count": 5020,
    "probs": [
      0.029419686645269394,
      0.05779678001999855,
      0.01670135371387005,
      0.006058637052774429,
      0.8890244960784912,
      0.0009989992249757051
    ]
  },
  "forest|6+|inland": {
    "terrain": 4,
    "dist_bin": "6+",
    "coastal": false,
    "count": 333,
    "probs": [
      0.004765243269503117,
      0.018386654555797577,
      0.0009980042232200503,
      0.0016633395571261644,
      0.9731887578964233,
      0.0009980042232200503
    ]
  },
  "forest|6+|coastal": {
    "terrain": 4,
    "dist_bin": "6+",
    "coastal": true,
    "count": 904,
    "probs": [
      0.0044756256975233555,
      0.011979200877249241,
      0.0040059564635157585,
      0.0012211246648803353,
      0.977319061756134,
      0.0009990021353587508
    ]
  },
  "plains|0-2|inland": {
    "terrain": 11,
    "dist_bin": "0-2",
    "coastal": false,
    "count": 41336,
    "probs": [
      0.7578408122062683,
      0.17884650826454163,
      0.0009980126051232219,
      0.015568496659398079,
      0.04574811831116676,
      0.0009980126051232219
    ]
  },
  "plains|0-2|coastal": {
    "terrain": 11,
    "dist_bin": "0-2",
    "coastal": true,
    "count": 14522,
    "probs": [
      0.7650560140609741,
      0.14345493912696838,
      0.03540318086743355,
      0.014071628451347351,
      0.04101528972387314,
      0.0009989949176087976
    ]
  },
  "plains|3-5|inland": {
    "terrain": 11,
    "dist_bin": "3-5",
    "coastal": false,
    "count": 22943,
    "probs": [
      0.8867768049240112,
      0.08465854078531265,
      0.0009979954920709133,
      0.007975911721587181,
      0.018592726439237595,
      0.0009979954920709133
    ]
  },
  "plains|3-5|coastal": {
    "terrain": 11,
    "dist_bin": "3-5",
    "coastal": true,
    "count": 14880,
    "probs": [
      0.9047654271125793,
      0.057181548327207565,
      0.01702108234167099,
      0.005953571293503046,
      0.01407935842871666,
      0.0009989895625039935
    ]
  },
  "plains|6+|inland": {
    "terrain": 11,
    "dist_bin": "6+",
    "coastal": false,
    "count": 1057,
    "probs": [
      0.981126606464386,
      0.013662382028996944,
      0.0009980049217119813,
      0.001184952910989523,
      0.002030000789090991,
      0.0009980049217119813
    ]
  },
  "plains|6+|coastal": {
    "terrain": 11,
    "dist_bin": "6+",
    "coastal": true,
    "count": 2475,
    "probs": [
      0.9802600741386414,
      0.011638878844678402,
      0.0038527289871126413,
      0.0012754969066008925,
      0.0019737950060516596,
      0.0009990029502660036
    ]
  }
}